id_venta,fecha,id_cliente,id_producto,cantidad,precio_unitario,total
1,2026-01-03,15,1,4,328800.68,1315202.72
2,2026-04-11,5,5,1,216020.34,216020.34
3,2026-02-20,8,10,3,21099.65,63298.950000000004
4,2026-01-07,10,7,1,12956.54,12956.54
5,2026-01-21,9,7,2,12956.54,25913.08
6,2026-03-14,12,9,2,142952.04,285904.08
7,2026-02-08,12,10,4,21099.65,84398.6
8,2026-01-18,12,10,2,21099.65,42199.3
9,2026-01-04,13,3,3,347312.99,1041938.97
10,2026-03-30,9,7,1,12956.54,12956.54
11,2026-03-01,13,1,4,328800.68,1315202.72
12,2026-01-14,15,4,1,218031.12,218031.12
13,2026-04-24,13,4,1,218031.12,218031.12
14,2026-01-09,1,5,3,216020.34,648061.02
15,2026-03-31,9,7,2,12956.54,25913.08
16,2026-02-22,7,7,2,12956.54,25913.08
17,2026-01-02,9,4,1,218031.12,218031.12
18,2026-03-25,8,7,4,12956.54,51826.16
19,2026-04-02,1,3,2,347312.99,694625.98
20,2026-04-21,12,6,4,7437.88,29751.52
21,2026-03-01,8,2,2,5268.67,10537.34
22,2026-03-12,8,10,4,21099.65,84398.6
23,2026-02-13,15,9,3,142952.04,428856.12
24,2026-01-08,11,5,4,216020.34,864081.36
25,2026-02-16,3,6,3,7437.88,22313.64
26,2026-02-04,1,4,3,218031.12,654093.36
27,2026-03-19,8,10,4,21099.65,84398.6
28,2026-03-22,3,7,3,12956.54,38869.62
29,2026-02-05,3,9,1,142952.04,142952.04
30,2026-02-19,1,7,3,12956.54,38869.62
31,2026-04-14,11,1,2,328800.68,657601.36
32,2026-01-04,5,1,4,328800.68,1315202.72
33,2026-01-02,10,9,1,142952.04,142952.04
34,2026-01-06,7,9,4,142952.04,571808.16
35,2026-02-23,10,4,2,218031.12,436062.24
36,2026-04-16,9,9,2,142952.04,285904.08
37,2026-01-04,12,3,2,347312.99,694625.98
38,2026-02-23,7,7,3,12956.54,38869.62
39,2026-04-03,9,6,3,7437.88,22313.64
40,2026-03-04,8,8,4,186047.26,744189.04
41,2026-01-18,12,9,4,142952.04,571808.16
42,2026-03-31,2,5,1,216020.34,216020.34
43,2026-02-13,1,1,1,328800.68,328800.68
44,2026-02-03,7,3,4,347312.99,1389251.96
45,2026-03-15,7,10,3,21099.65,63298.950000000004
46,2026-03-03,14,8,2,186047.26,372094.52
47,2026-04-10,8,6,4,7437.88,29751.52
48,2026-01-14,5,8,1,186047.26,186047.26
49,2026-04-05,3,9,3,142952.04,428856.12
50,2026-02-17,12,4,4,218031.12,872124.48
51,2026-01-15,8,1,4,328800.68,1315202.72
52,2026-03-13,6,1,3,328800.68,986402.04
53,2026-03-19,11,10,4,21099.65,84398.6
54,2026-03-28,3,4,3,218031.12,654093.36
55,2026-03-03,1,7,2,12956.54,25913.08
56,2026-02-09,3,2,3,5268.67,15806.01
57,2026-03-26,5,3,3,347312.99,1041938.97
58,2026-03-21,15,1,3,328800.68,986402.04
59,2026-04-19,14,5,4,216020.34,864081.36
60,2026-03-23,3,1,4,328800.68,1315202.72
